City_ID,City,Country,Date,Lat,Lng,Max Temp,Humidity,Cloudiness,Wind Speed
0,Kargil,IN,2020-07-11 22:25:49,34.57,76.1,53.91,46,50,5.7
1,Isangel,VU,2020-07-11 22:19:28,-19.55,169.27,77.0,73,20,12.75
2,Kaitangata,NZ,2020-07-11 22:25:16,-46.28,169.85,51.01,60,74,15.99
3,Longyearbyen,SJ,2020-07-11 22:19:17,78.22,15.64,44.6,70,40,28.86
4,Busselton,AU,2020-07-11 22:23:53,-33.65,115.33,46.0,76,0,15.99
5,Atuona,PF,2020-07-11 22:23:53,-9.8,-139.03,79.41,78,40,16.96
6,Fortuna,US,2020-07-11 22:24:56,40.6,-124.16,70.0,68,90,11.41
7,Rikitea,PF,2020-07-11 22:23:51,-23.12,-134.97,69.26,69,11,17.4
8,Banikoara,BJ,2020-07-11 22:25:50,11.3,2.44,77.76,79,57,3.15
9,Lermontovka,RU,2020-07-11 22:25:50,47.15,134.34,65.05,85,100,2.93
10,Virginia Beach,US,2020-07-11 22:21:45,36.85,-75.98,91.99,43,20,16.11
11,Port Lincoln,AU,2020-07-11 22:25:03,-34.73,135.87,52.02,82,10,10.76
12,Jianhu,CN,2020-07-11 22:25:51,29.98,120.57,78.8,100,20,3.91
13,Udachnyy,RU,2020-07-11 22:25:51,66.42,112.4,53.6,76,20,8.95
14,Punta Arenas,CL,2020-07-11 22:23:49,-53.15,-70.92,33.8,74,40,9.17
15,Victoria,HK,2020-07-11 22:22:27,22.29,114.16,84.0,74,70,8.99
16,Mataura,NZ,2020-07-11 22:23:52,-46.19,168.86,44.15,93,69,3.31
17,Albany,US,2020-07-11 22:20:10,42.6,-73.97,84.0,75,100,8.3
18,Tasiilaq,GL,2020-07-11 22:24:25,65.61,-37.64,44.6,75,53,17.22
19,Salalah,OM,2020-07-11 22:21:41,17.02,54.09,80.6,94,90,5.82
20,Hermanus,ZA,2020-07-11 22:24:09,-34.42,19.23,50.0,77,1,5.99
21,Bengkulu,ID,2020-07-11 22:23:50,-3.8,102.27,75.18,87,35,4.14
22,Yellowknife,CA,2020-07-11 22:23:56,62.46,-114.35,75.0,56,75,8.05
23,Saint-Philippe,RE,2020-07-11 22:24:01,-21.36,55.77,68.0,77,45,6.93
24,Cape Town,ZA,2020-07-11 22:22:25,-33.93,18.42,53.01,87,57,9.17
25,Ushuaia,AR,2020-07-11 22:23:36,-54.8,-68.3,35.6,80,20,18.34
26,Kavieng,PG,2020-07-11 22:24:38,-2.57,150.8,82.89,75,100,10.83
27,Georgetown,MY,2020-07-11 22:24:24,5.41,100.34,77.0,88,20,5.48
28,Hobart,AU,2020-07-11 22:22:02,-42.88,147.33,46.0,93,75,3.36
29,Lake Charles,US,2020-07-11 22:25:54,30.21,-93.2,97.0,56,40,3.36
30,Koltubanovskiy,RU,2020-07-11 22:25:54,52.94,52.03,67.89,96,16,6.31
31,Pisco,PE,2020-07-11 22:25:29,-13.7,-76.22,62.6,77,40,9.17
32,Gamba,GA,2020-07-11 22:25:55,-2.65,10.0,72.55,90,58,6.04
33,Vilhena,BR,2020-07-11 22:22:13,-12.74,-60.15,84.2,42,0,9.17
34,Saldanha,ZA,2020-07-11 22:25:09,-33.01,17.94,44.6,87,25,2.24
35,Kachug,RU,2020-07-11 22:25:55,53.96,105.88,61.56,90,96,2.98
36,Bredasdorp,ZA,2020-07-11 22:19:37,-34.53,20.04,46.4,81,0,4.7
37,Thompson,CA,2020-07-11 22:19:43,55.74,-97.86,62.6,72,90,2.24
38,Chuy,UY,2020-07-11 22:24:47,-33.7,-53.46,44.76,69,23,5.39
39,Nome,US,2020-07-11 22:25:56,64.5,-165.41,70.0,52,20,8.05
40,Clarksburg,US,2020-07-11 22:25:56,39.28,-80.34,81.0,51,40,16.11
41,New Norfolk,AU,2020-07-11 22:24:12,-42.78,147.06,46.0,92,50,1.28
42,Bluff,NZ,2020-07-11 22:23:52,-46.6,168.33,49.64,76,99,19.82
43,Eureka,US,2020-07-11 22:25:01,40.8,-124.16,70.0,30,18,5.99
44,Ilulissat,GL,2020-07-11 22:24:19,69.22,-51.1,46.4,70,75,5.82
45,San Patricio,MX,2020-07-11 22:23:54,19.22,-104.7,86.0,74,75,6.93
46,Qaanaaq,GL,2020-07-11 22:23:55,77.48,-69.36,46.38,57,17,2.66
47,Copiapo,CL,2020-07-11 22:24:33,-27.37,-70.33,53.6,81,0,8.05
48,Chara,RU,2020-07-11 22:25:57,56.91,118.26,76.12,45,68,0.49
49,Castro,BR,2020-07-11 22:24:19,-24.79,-50.01,58.73,86,0,5.77
50,Chokwe,MZ,2020-07-11 22:25:57,-24.53,32.98,61.07,63,0,8.16
51,Laguna,US,2020-07-11 22:25:07,38.42,-121.42,104.0,14,1,4.7
52,Hilo,US,2020-07-11 22:23:50,19.73,-155.09,84.2,54,75,8.05
53,Kruisfontein,ZA,2020-07-11 22:24:00,-34.0,24.73,46.56,68,49,7.67
54,Kavaratti,IN,2020-07-11 22:25:58,10.57,72.64,77.43,91,100,19.48
55,Severo-Kurilsk,RU,2020-07-11 22:25:24,50.68,156.12,51.35,91,100,5.44
56,Kwinana,AU,2020-07-11 22:25:58,-32.25,115.77,50.0,70,0,4.7
57,Nadym,RU,2020-07-11 22:25:58,65.53,72.52,55.15,62,100,9.28
58,Puerto Del Rosario,ES,2020-07-11 22:24:18,28.5,-13.86,71.6,88,75,18.34
59,Jiuquan,CN,2020-07-11 22:25:58,39.74,98.52,63.84,40,24,3.24
60,Aswan,EG,2020-07-11 22:25:59,24.09,32.91,89.31,20,0,15.46
61,Baker City,US,2020-07-11 22:24:08,44.77,-117.83,98.6,12,1,5.82
62,Alyth,GB,2020-07-11 22:25:59,56.62,-3.23,53.6,76,13,10.29
63,Deputatskiy,RU,2020-07-11 22:25:07,69.3,139.9,65.7,48,72,3.67
64,Lata,PT,2020-07-11 22:25:26,40.16,-8.33,73.99,56,100,13.0
65,Katsuura,JP,2020-07-11 22:23:53,35.13,140.3,82.0,90,100,4.0
66,Makakilo City,US,2020-07-11 22:23:53,21.35,-158.09,87.8,52,75,5.82
67,Nishihara,JP,2020-07-11 22:26:01,26.18,127.76,84.2,94,40,4.7
68,Iqaluit,CA,2020-07-11 22:24:15,63.75,-68.51,41.0,93,90,2.24
69,Tiksi,RU,2020-07-11 22:24:05,71.69,128.87,49.23,72,100,7.23
70,Puerto Ayora,EC,2020-07-11 22:24:02,-0.74,-90.35,66.99,93,82,1.99
71,Tilichiki,RU,2020-07-11 22:26:01,60.47,166.1,52.29,89,99,4.9
72,Rawson,AR,2020-07-11 22:25:29,-43.3,-65.1,43.29,59,3,23.87
73,Port Alfred,ZA,2020-07-11 22:23:54,-33.59,26.89,51.01,75,42,4.0
74,Manoel Urbano,BR,2020-07-11 22:26:02,-8.84,-69.26,82.96,59,45,1.83
75,Hithadhoo,MV,2020-07-11 22:19:39,-0.6,73.08,83.05,79,17,12.33
76,Ngunguru,NZ,2020-07-11 22:26:02,-35.62,174.5,52.0,3,17,5.01
77,Muros,ES,2020-07-11 22:20:29,42.78,-9.06,72.0,66,0,7.0
78,Nikolskoye,RU,2020-07-11 22:24:07,59.7,30.79,57.2,82,75,8.95
79,Vaini,TO,2020-07-11 22:23:54,-21.2,-175.2,73.4,88,40,13.87
80,Hamilton,US,2020-07-11 22:23:55,39.18,-84.53,88.0,43,20,8.05
81,Belaya Gora,RU,2020-07-11 22:26:03,68.53,146.42,70.68,48,93,6.44
82,Mabaruma,GY,2020-07-11 22:26:03,8.2,-59.78,79.34,85,64,5.37
83,Butaritari,KI,2020-07-11 22:23:50,3.07,172.79,82.99,80,17,17.78
84,Sept-Iles,CA,2020-07-11 22:23:31,50.2,-66.38,71.6,73,75,9.17
85,Qandala,SO,2020-07-11 22:26:03,11.47,49.87,91.22,49,96,5.88
86,Gladstone,AU,2020-07-11 22:26:04,-23.85,151.25,57.2,87,37,6.93
87,Krasnoselkup,RU,2020-07-11 22:26:05,65.7,82.47,51.42,80,0,7.02
88,Santo Tomas,PH,2020-07-11 22:26:05,14.11,121.14,82.4,74,99,0.36
89,Eyl,SO,2020-07-11 22:26:05,7.98,49.82,81.21,67,59,28.74
90,Mayo,US,2020-07-11 22:23:51,38.89,-76.51,89.01,48,1,8.05
91,Hovd,MN,2020-07-11 22:26:05,48.01,91.64,64.69,48,97,2.48
92,Tuktoyaktuk,CA,2020-07-11 22:24:11,69.45,-133.04,48.2,76,20,9.17
93,Guerrero Negro,MX,2020-07-11 22:26:06,27.98,-114.06,89.87,28,0,16.71
94,Avarua,CK,2020-07-11 22:24:30,-21.21,-159.78,77.0,78,96,8.05
95,Kodiak,US,2020-07-11 22:19:52,57.79,-152.41,64.4,59,1,5.82
96,Upernavik,GL,2020-07-11 22:24:07,72.79,-56.15,41.81,82,7,4.41
97,Kununurra,AU,2020-07-11 22:25:23,-15.77,128.73,64.4,27,40,4.7
98,Plouzane,FR,2020-07-11 22:26:07,48.38,-4.62,59.0,87,30,10.29
99,Pizarro,CO,2020-07-11 22:26:08,4.95,-77.37,79.92,81,65,7.63
100,Hambantota,LK,2020-07-11 22:24:44,6.12,81.12,77.0,100,75,3.36
101,Juneau,US,2020-07-11 22:26:08,58.3,-134.42,60.01,82,75,6.93
102,Codrington,AU,2020-07-11 22:24:41,-38.27,141.97,44.11,93,20,3.62
103,Taoudenni,ML,2020-07-11 22:26:08,22.68,-3.98,92.07,39,99,13.33
104,San Quintin,MX,2020-07-11 22:26:08,30.48,-115.95,80.65,47,53,13.06
105,Cherskiy,RU,2020-07-11 22:25:24,68.75,161.3,47.68,80,100,12.62
106,Provideniya,RU,2020-07-11 22:24:07,64.38,-173.3,56.43,49,0,2.46
107,Plettenberg Bay,ZA,2020-07-11 22:26:09,-34.05,23.37,51.13,60,24,5.5
108,Uzhur,RU,2020-07-11 22:26:09,55.3,89.83,50.68,86,0,1.97
109,Mindelo,CV,2020-07-11 22:26:10,16.89,-24.98,77.0,65,40,16.11
110,La Macarena,CO,2020-07-11 22:26:10,2.18,-73.78,81.16,71,36,0.92
111,Longonjo,AO,2020-07-11 22:26:10,-12.91,15.25,57.81,36,30,0.18
112,Airai,TL,2020-07-11 22:24:23,-8.93,125.41,57.56,100,58,3.78
113,Dosso,NE,2020-07-11 22:26:10,13.05,3.19,85.46,54,18,8.99
114,Tiruppuvanam,IN,2020-07-11 22:23:03,9.83,78.27,77.0,83,20,3.36
115,Ambilobe,MG,2020-07-11 22:26:11,-13.2,49.05,68.85,84,87,3.13
116,Mar Del Plata,AR,2020-07-11 22:19:18,-38.0,-57.56,52.0,61,57,12.75
117,Jamestown,US,2020-07-11 22:19:14,42.1,-79.24,71.01,93,90,14.99
118,Tikhvin,RU,2020-07-11 22:26:11,59.65,33.53,55.35,72,8,12.26
119,Ust-Kulom,RU,2020-07-11 22:26:11,61.69,53.69,57.67,74,55,4.97
120,Dois Vizinhos,BR,2020-07-11 22:26:11,-25.73,-53.06,62.38,92,78,2.66
121,Luderitz,NA,2020-07-11 22:25:09,-26.65,15.16,51.8,87,0,4.7
122,New Plymouth,NZ,2020-07-11 22:26:12,-39.07,174.08,55.0,86,22,11.01
123,Boa Vista,BR,2020-07-11 22:26:12,2.82,-60.67,80.6,83,20,3.36
124,Talnakh,RU,2020-07-11 22:24:07,69.49,88.4,46.4,100,90,11.18
125,Buala,SB,2020-07-11 22:22:21,-8.14,159.59,82.09,76,80,6.98
126,Zhezkazgan,KZ,2020-07-11 22:24:57,47.8,67.71,71.73,44,0,9.06
127,Mehamn,NO,2020-07-11 22:25:04,71.04,27.85,46.83,85,100,4.21
128,Bethel,US,2020-07-11 22:24:56,41.37,-73.41,81.0,74,40,5.82
129,Bathsheba,BB,2020-07-11 22:25:01,13.22,-59.52,82.4,78,40,17.22
130,Bambous Virieux,MU,2020-07-11 22:19:27,-20.34,57.76,72.0,73,40,14.99
131,Pevek,RU,2020-07-11 22:19:06,69.7,170.31,49.69,76,88,5.03
132,Zabol,AF,2020-07-11 22:26:04,32.25,67.25,67.71,23,0,5.28
133,Margate,GB,2020-07-11 22:26:15,51.38,1.39,63.0,71,26,5.46
134,Arraial Do Cabo,BR,2020-07-11 22:23:58,-22.97,-42.03,75.2,69,0,13.87
135,Coihaique,CL,2020-07-11 22:23:50,-45.58,-72.07,32.0,95,40,3.36
136,Conde,BR,2020-07-11 22:26:16,-7.26,-34.91,73.4,100,75,8.05
137,Galveston,US,2020-07-11 22:22:54,29.37,-94.97,95.0,70,1,11.41
138,Mananjary,MG,2020-07-11 22:26:17,-21.22,48.33,66.16,86,10,4.76
139,Mutis,CO,2020-07-11 22:26:17,6.23,-77.4,79.45,76,83,3.56
140,Mount Gambier,AU,2020-07-11 22:25:31,-37.83,140.77,42.8,100,90,3.36
141,Damietta,EG,2020-07-11 22:26:17,31.42,31.81,77.0,78,0,9.17
142,Santarem,BR,2020-07-11 22:22:20,-2.44,-54.71,82.4,78,41,5.82
143,Balasheyka,RU,2020-07-11 22:26:18,53.28,48.09,58.75,87,0,7.36
144,Port Hedland,AU,2020-07-11 22:20:01,-20.32,118.57,59.0,26,0,12.75
145,Menzelinsk,RU,2020-07-11 22:26:18,55.73,53.1,62.6,72,0,2.24
146,Katangli,RU,2020-07-11 22:26:18,51.71,143.23,53.01,91,100,4.7
147,Kjopsvik,NO,2020-07-11 22:26:18,68.1,16.37,53.6,71,100,16.11
148,Barrow,US,2020-07-11 22:24:04,71.29,-156.79,35.6,80,90,8.05
149,Lebu,CL,2020-07-11 22:19:35,-37.62,-73.65,50.25,81,91,10.8
150,Cayenne,GF,2020-07-11 22:21:49,4.93,-52.33,82.4,74,20,5.82
151,Vao,NC,2020-07-11 22:26:19,-22.67,167.48,69.75,74,65,19.35
152,Basoko,CD,2020-07-11 22:26:19,1.24,23.62,73.62,88,96,2.53
153,Ziro,IN,2020-07-11 22:26:19,27.63,93.83,59.76,100,100,1.3
154,Hasaki,JP,2020-07-11 22:20:01,35.73,140.83,81.0,83,75,4.7
155,Corbu,RO,2020-07-11 22:26:20,44.38,28.65,68.0,68,0,4.7
156,Praia,CV,2020-07-11 22:22:59,14.92,-23.51,77.0,73,75,13.87
157,Bahia Blanca,AR,2020-07-11 22:26:20,-38.72,-62.27,46.27,58,100,18.23
158,Cravo Norte,CO,2020-07-11 22:26:20,6.3,-70.2,75.56,90,100,2.62
159,Mount Isa,AU,2020-07-11 22:23:14,-20.73,139.5,53.6,46,0,14.99
160,Kapaa,US,2020-07-11 22:21:37,22.08,-159.32,80.6,78,90,14.99
161,Ribeira Brava,PT,2020-07-11 22:26:21,32.65,-17.07,70.0,68,0,3.0
162,Hobyo,SO,2020-07-11 22:26:21,5.35,48.53,78.98,78,86,30.49
163,Toguchin,RU,2020-07-11 22:26:21,55.24,84.39,55.74,86,0,2.04
164,Severnyy,RU,2020-07-11 22:26:21,50.68,36.55,66.2,59,0,6.71
165,Pimenta Bueno,BR,2020-07-11 22:26:22,-11.67,-61.19,79.74,51,2,1.9
166,Champasak,LA,2020-07-11 22:26:22,14.75,106.0,74.1,99,100,3.4
167,Kaduqli,SD,2020-07-11 22:26:23,11.02,29.72,80.71,64,90,5.19
168,Ribeira Grande,PT,2020-07-11 22:24:02,38.52,-28.7,69.57,85,44,11.43
169,Cockburn Town,TC,2020-07-11 22:26:07,21.46,-71.14,86.0,70,40,11.41
170,Hay River,CA,2020-07-11 22:26:23,60.82,-115.8,66.2,77,75,13.87
171,Port Hardy,CA,2020-07-11 22:25:26,50.7,-127.42,55.4,100,75,6.93
172,Vorsma,RU,2020-07-11 22:26:24,55.99,43.27,62.6,77,10,2.24
173,Norman Wells,CA,2020-07-11 22:24:05,65.28,-126.83,57.2,71,90,10.29
174,Soto,AR,2020-07-11 22:26:25,-32.81,-61.4,53.6,34,100,4.7
175,Dikson,RU,2020-07-11 22:24:01,73.51,80.55,41.88,99,100,14.97
176,Misratah,LY,2020-07-11 22:26:25,32.38,15.09,76.24,78,0,7.45
177,Hofn,IS,2020-07-11 22:25:08,64.25,-15.21,52.77,80,26,3.71
178,Saint-Pierre,RE,2020-07-11 22:26:25,-21.34,55.48,66.2,77,27,6.93
179,Kanashevo,RU,2020-07-11 22:26:25,55.22,62.06,68.0,77,0,6.71
180,Hoquiam,US,2020-07-11 22:25:43,46.98,-123.89,62.6,72,90,11.41
181,Saskylakh,RU,2020-07-11 22:23:51,71.92,114.08,67.91,75,52,12.75
182,Alcudia,ES,2020-07-11 22:26:27,39.85,3.12,75.2,60,0,6.93
183,Boyolangu,ID,2020-07-11 22:26:27,-8.12,111.89,74.84,89,98,6.2
184,Avera,US,2020-07-11 22:25:11,33.19,-82.53,93.99,46,75,9.17
185,Torbay,CA,2020-07-11 22:23:57,47.67,-52.73,68.0,68,90,10.29
186,Esperance,AU,2020-07-11 22:24:18,-33.87,121.9,39.2,93,0,12.75
187,Sao Paulo De Olivenca,BR,2020-07-11 22:26:27,-3.38,-68.87,78.37,93,68,0.96
188,Olafsvik,IS,2020-07-11 22:19:19,64.89,-23.71,51.53,90,100,16.53
189,Lengshuitan,CN,2020-07-11 22:26:28,26.41,111.6,76.37,87,100,4.5
190,Vardo,NO,2020-07-11 22:26:28,70.37,31.11,47.32,89,24,12.41
191,Faanui,PF,2020-07-11 22:24:02,-16.48,-151.75,78.28,76,23,17.9
192,Bar Harbor,US,2020-07-11 22:24:58,44.39,-68.2,69.8,94,90,5.82
193,Lebanon,US,2020-07-11 22:21:39,36.21,-86.29,91.0,43,20,13.87
194,Carnarvon,AU,2020-07-11 22:23:58,-24.87,113.63,55.4,30,0,11.41
195,Cabo San Lucas,MX,2020-07-11 22:21:12,22.89,-109.91,91.99,49,5,14.99
196,Andenes,NO,2020-07-11 22:26:30,69.31,16.12,53.6,81,44,5.82
197,Sereflikochisar,TR,2020-07-11 22:26:30,38.94,33.54,71.37,53,0,8.37
198,Susanville,US,2020-07-11 22:26:30,40.42,-120.65,93.2,9,1,17.22
199,Ancud,CL,2020-07-11 22:23:53,-41.87,-73.82,42.01,93,40,3.36
200,Beringovskiy,RU,2020-07-11 22:26:32,63.05,179.32,48.94,85,100,3.44
201,Fare,PF,2020-07-11 22:26:32,-16.7,-151.02,78.69,73,4,18.99
202,Pangnirtung,CA,2020-07-11 22:26:32,66.15,-65.71,53.01,53,85,2.44
203,Karasjok,NO,2020-07-11 22:26:32,69.47,25.51,48.2,81,99,5.82
204,Sao Joao Da Barra,BR,2020-07-11 22:25:02,-21.64,-41.05,73.4,73,3,13.87
205,Bay Roberts,CA,2020-07-11 22:24:42,47.6,-53.26,66.0,67,90,8.52
206,Kerema,PG,2020-07-11 22:26:33,-7.96,145.78,77.85,84,79,6.02
207,Biloela,AU,2020-07-11 22:26:33,-24.42,150.5,59.74,77,17,1.5
208,Pokhara,NP,2020-07-11 22:26:33,28.23,83.98,71.2,82,81,1.61
209,Viedma,AR,2020-07-11 22:24:43,-40.81,-63.0,44.92,56,74,17.16
210,Bontang,ID,2020-07-11 22:26:33,0.13,117.5,76.86,87,100,4.38
211,Haines Junction,CA,2020-07-11 22:20:21,60.75,-137.51,60.12,46,100,7.07
212,Osmanabad,IN,2020-07-11 22:26:33,18.17,76.05,74.95,87,100,10.96
213,Sumbe,AO,2020-07-11 22:26:33,-11.21,13.84,69.87,85,71,4.83
214,Diamantino,BR,2020-07-11 22:21:47,-14.41,-56.45,78.8,43,28,2.68
215,Kahului,US,2020-07-11 22:26:34,20.89,-156.47,89.6,43,40,24.16
216,La Tuque,CA,2020-07-11 22:26:34,47.43,-72.78,69.15,97,98,2.42
217,Hoi An,VN,2020-07-11 22:26:34,15.88,108.33,77.0,83,20,3.36
218,Cidreira,BR,2020-07-11 22:25:24,-30.18,-50.21,56.53,85,100,5.91
219,Vila Franca Do Campo,PT,2020-07-11 22:26:35,37.72,-25.43,69.8,68,40,5.82
220,Saint George,US,2020-07-11 22:24:02,37.1,-113.58,107.01,12,1,14.99
221,The Valley,AI,2020-07-11 22:26:35,18.22,-63.06,84.2,78,40,13.87
222,Vaitape,PF,2020-07-11 22:26:35,-16.52,-151.75,79.11,74,23,17.69
223,Port Blair,IN,2020-07-11 22:24:09,11.67,92.75,82.09,81,100,10.02
224,Lhokseumawe,ID,2020-07-11 22:26:35,5.18,97.15,76.68,83,100,6.08
225,Husavik,IS,2020-07-11 22:24:43,66.04,-17.34,53.6,76,90,4.7
226,Vila Velha,BR,2020-07-11 22:20:20,-20.33,-40.29,70.0,83,0,4.7
227,Guiratinga,BR,2020-07-11 22:26:36,-16.35,-53.76,76.96,41,1,4.45
228,Narsaq,GL,2020-07-11 22:24:56,60.92,-46.05,55.4,82,23,5.82
229,Wanning,CN,2020-07-11 22:26:36,18.8,110.4,81.72,88,82,12.5
230,Grants,US,2020-07-11 22:26:36,35.15,-107.85,96.8,7,1,5.82
231,Chokurdakh,RU,2020-07-11 22:24:44,70.63,147.92,58.12,58,74,7.72
232,Bulgan,MN,2020-07-11 22:26:36,48.81,103.53,57.27,75,97,2.33
233,Namatanai,PG,2020-07-11 22:25:32,-3.67,152.43,81.34,80,52,6.76
234,Aksu,CN,2020-07-11 22:24:29,41.12,80.26,70.95,45,23,5.21
235,Tucurui,BR,2020-07-11 22:26:37,-3.77,-49.67,76.33,86,30,3.02
236,Panjakent,TJ,2020-07-11 22:26:37,39.5,67.61,68.0,77,90,2.24
237,Caravelas,BR,2020-07-11 22:26:37,-17.71,-39.25,71.42,83,0,4.41
238,Aklavik,CA,2020-07-11 22:26:37,68.22,-135.01,59.0,47,40,5.82
239,Opuwo,NA,2020-07-11 22:26:38,-18.06,13.84,51.24,42,0,6.35
240,Port Hawkesbury,CA,2020-07-11 22:25:18,45.62,-61.35,66.0,100,90,9.17
241,Ulladulla,AU,2020-07-11 22:24:54,-35.35,150.47,48.99,93,79,5.82
242,Chippewa Falls,US,2020-07-11 22:25:01,44.94,-91.39,82.4,42,1,5.82
243,Constitucion,CL,2020-07-11 22:19:37,-35.33,-72.42,49.89,70,96,5.73
244,Labuan,MY,2020-07-11 22:26:39,5.28,115.24,77.0,94,20,5.32
245,Mahuva,IN,2020-07-11 22:26:40,21.09,71.76,83.61,78,70,14.56
246,Gornopravdinsk,RU,2020-07-11 22:26:40,60.05,69.9,61.56,80,4,10.8
247,Brigantine,US,2020-07-11 22:26:40,39.41,-74.36,84.2,70,1,11.41
248,Qaqortoq,GL,2020-07-11 22:24:04,60.72,-46.03,55.4,82,31,5.82
249,Baft,IR,2020-07-11 22:26:40,29.23,56.61,69.6,25,4,3.71
250,Davila,PH,2020-07-11 22:26:41,18.47,120.58,77.0,100,40,3.36
251,Savannah Bight,HN,2020-07-11 22:26:41,16.45,-85.85,82.87,79,23,21.41
252,Sangar,RU,2020-07-11 22:26:41,63.92,127.47,68.94,70,27,14.76
253,Goderich,CA,2020-07-11 22:24:35,43.75,-81.72,77.0,71,100,14.79
254,Ixtapa,MX,2020-07-11 22:26:42,20.7,-105.2,89.6,66,90,10.29
255,Atar,MR,2020-07-11 22:26:43,20.52,-13.05,92.68,27,0,3.51
256,Mantua,IT,2020-07-11 22:26:43,45.17,10.78,68.0,91,7,3.0
257,Novoagansk,RU,2020-07-11 22:23:57,61.94,76.66,59.45,95,79,6.15
258,Yarada,IN,2020-07-11 22:22:03,17.65,83.27,82.4,88,75,2.24
259,Satipo,PE,2020-07-11 22:26:44,-11.25,-74.64,84.13,46,20,0.18
260,Elizabeth City,US,2020-07-11 22:26:44,36.29,-76.25,93.99,55,1,12.75
261,Lompoc,US,2020-07-11 22:24:16,34.64,-120.46,80.01,60,0,11.41
262,Port Elizabeth,ZA,2020-07-11 22:24:33,-33.92,25.57,50.0,66,6,10.29
263,Teya,RU,2020-07-11 22:26:45,60.38,92.63,52.27,79,8,6.13
264,Plaridel,PH,2020-07-11 22:26:46,14.89,120.86,82.4,74,99,3.98
265,East London,ZA,2020-07-11 22:24:11,-33.02,27.91,56.73,56,65,18.21
266,Mokhsogollokh,RU,2020-07-11 22:26:46,61.47,128.92,69.89,83,0,4.32
267,Morro Bay,US,2020-07-11 22:24:09,35.37,-120.85,93.0,22,0,5.01
268,Srednekolymsk,RU,2020-07-11 22:25:04,67.45,153.68,65.32,57,0,6.64
269,Sisimiut,GL,2020-07-11 22:25:08,66.94,-53.67,46.62,70,64,5.14
270,Hami,CN,2020-07-11 22:26:46,42.8,93.45,78.15,26,97,4.97
271,Grindavik,IS,2020-07-11 22:26:46,63.84,-22.43,48.2,100,90,12.75
272,Kalmunai,LK,2020-07-11 22:26:47,7.42,81.82,80.71,81,100,6.93
273,Boguchany,RU,2020-07-11 22:26:48,58.38,97.45,54.82,79,89,3.33
274,Maltahohe,NA,2020-07-11 22:26:48,-24.83,16.98,39.29,67,0,10.85
275,Sao Filipe,CV,2020-07-11 22:26:48,14.9,-24.5,74.46,81,24,6.44
276,Palmer,US,2020-07-11 22:25:21,42.16,-72.33,84.2,62,75,12.75
277,Vila,PT,2020-07-11 22:22:45,42.03,-8.16,78.8,61,1,2.24
278,Portsmouth,GB,2020-07-11 22:26:49,50.8,-1.09,57.99,85,9,3.91
279,Fort-Shevchenko,KZ,2020-07-11 22:26:49,44.51,50.26,83.64,56,1,12.71
280,Ostrovnoy,RU,2020-07-11 22:21:03,68.05,39.51,52.27,81,46,5.73
281,Camopi,GF,2020-07-11 22:26:50,3.17,-52.32,75.58,95,96,2.95
282,Prince Rupert,CA,2020-07-11 22:24:31,54.32,-130.32,57.2,82,90,5.82
283,Sorland,NO,2020-07-11 22:26:51,67.67,12.69,52.3,78,91,20.22
284,Marienburg,PL,2020-07-11 22:26:51,54.04,19.03,53.01,100,100,5.28
285,Nanortalik,GL,2020-07-11 22:24:37,60.14,-45.24,43.3,92,51,10.78
286,Kudahuvadhoo,MV,2020-07-11 22:26:52,2.67,72.89,83.48,76,74,8.88
287,Kalianget,ID,2020-07-11 22:23:51,-7.05,113.93,77.97,84,30,5.28
288,Mahebourg,MU,2020-07-11 22:24:00,-20.41,57.7,69.8,73,40,14.99
289,Caiaponia,BR,2020-07-11 22:26:53,-16.96,-51.81,70.75,45,0,2.71
290,Fremont,US,2020-07-11 22:26:53,37.55,-121.99,91.99,47,5,17.22
291,Pacific Grove,US,2020-07-11 22:22:10,36.62,-121.92,71.6,60,1,12.75
292,Talas,TR,2020-07-11 22:22:18,38.69,35.55,64.4,68,0,2.24
293,Manggar,ID,2020-07-11 22:26:54,-2.88,108.27,79.86,85,51,9.78
294,Leningradskiy,RU,2020-07-11 22:24:14,69.38,178.42,46.31,62,0,15.73
295,Boma,GH,2020-07-11 22:26:54,7.08,-2.17,70.84,98,100,2.8
296,Anloga,GH,2020-07-11 22:26:54,5.79,0.9,78.8,83,20,9.17
297,Itoman,JP,2020-07-11 22:26:55,26.12,127.67,84.2,89,75,5.82
298,Valparaiso,CL,2020-07-11 22:23:12,-33.04,-71.63,53.6,87,76,5.82
299,Leshukonskoye,RU,2020-07-11 22:26:55,64.9,45.76,56.68,96,100,8.3
300,Linguere,SN,2020-07-11 22:26:55,15.4,-15.12,88.18,52,98,13.91
301,Agadir,MA,2020-07-11 22:26:55,30.42,-9.6,69.8,88,0,3.8
302,Fougamou,GA,2020-07-11 22:26:55,-1.22,10.58,72.23,90,54,3.4
303,Beidao,CN,2020-07-11 22:26:56,34.57,105.89,62.76,84,63,2.21
304,Portree,GB,2020-07-11 22:26:56,57.41,-6.19,52.0,76,79,7.65
305,North Battleford,CA,2020-07-11 22:26:56,52.78,-108.28,77.0,47,1,9.17
306,Beisfjord,NO,2020-07-11 22:26:56,68.38,17.6,53.6,71,98,16.11
307,Champerico,GT,2020-07-11 22:26:57,14.3,-91.92,77.0,100,75,4.7
308,Grand Gaube,MU,2020-07-11 22:26:57,-20.01,57.66,71.01,64,37,11.01
309,Kaliua,TZ,2020-07-11 22:26:58,-5.06,31.79,68.45,62,35,3.49
310,Szarvas,HU,2020-07-11 22:26:58,46.87,20.55,64.99,68,40,11.41
311,Alice,US,2020-07-11 22:26:58,27.75,-98.07,98.6,50,1,13.87
312,Aosta,IT,2020-07-11 22:26:58,45.77,7.42,72.0,78,31,2.57
313,Hervey Bay,AU,2020-07-11 22:25:53,-25.3,152.85,60.01,96,50,8.99
314,Ust-Maya,RU,2020-07-11 22:26:58,60.42,134.53,65.28,71,67,6.26
315,Road Town,VG,2020-07-11 22:25:37,18.42,-64.62,84.99,74,40,11.41
316,Vallenar,CL,2020-07-11 22:26:59,-28.57,-70.76,67.35,42,18,2.48
317,Walvis Bay,NA,2020-07-11 22:26:59,-22.96,14.51,52.0,87,0,5.82
318,Hurghada,EG,2020-07-11 22:26:59,27.26,33.81,89.6,35,0,13.87
319,Tucuman,AR,2020-07-11 22:26:59,-26.82,-65.22,60.8,55,0,0.98
320,Lagoa,PT,2020-07-11 22:24:44,39.05,-27.98,69.46,85,40,13.87
321,Aldan,RU,2020-07-11 22:26:59,58.6,125.39,74.1,58,0,5.88
322,Mpanda,TZ,2020-07-11 22:26:59,-6.37,31.04,69.21,59,76,0.43
323,Chihuahua,MX,2020-07-11 22:27:00,28.5,-106.0,98.6,13,40,6.93
324,Dekernes,EG,2020-07-11 22:24:45,31.09,31.59,77.0,78,0,9.17
325,Saint-Georges,GD,2020-07-11 22:27:00,12.06,-61.75,84.2,79,40,13.87
326,Lander,US,2020-07-11 22:27:00,42.83,-108.73,91.4,13,1,8.05
327,Port-Gentil,GA,2020-07-11 22:24:39,-0.72,8.78,77.0,88,90,11.52
328,Khatanga,RU,2020-07-11 22:19:50,71.97,102.5,51.49,79,77,16.02
329,La Palma,US,2020-07-11 22:23:09,33.85,-118.05,98.01,28,1,10.29
330,El Tocuyo,VE,2020-07-11 22:27:01,9.79,-69.79,80.6,69,59,14.99
331,Pangkalanbuun,ID,2020-07-11 22:25:35,-2.68,111.62,72.93,98,99,1.95
332,San Marcos,US,2020-07-11 22:27:01,33.14,-117.17,93.99,57,1,4.7
333,Esmeralda,CU,2020-07-11 22:27:01,21.85,-78.12,84.2,70,100,8.05
334,Yeppoon,AU,2020-07-11 22:27:01,-23.13,150.73,57.2,93,90,0.92
335,Clyde River,CA,2020-07-11 22:24:00,70.47,-68.59,53.6,71,20,14.99
336,Maarianhamina,AX,2020-07-11 22:24:27,60.1,19.93,50.0,100,30,1.12
337,Moose Factory,CA,2020-07-11 22:27:02,51.26,-80.61,59.0,93,90,4.7
338,Marrakesh,MA,2020-07-11 22:22:41,31.63,-8.01,87.8,31,40,2.24
339,Williams Lake,CA,2020-07-11 22:24:09,52.14,-122.14,55.4,71,90,2.24
340,Mikuni,JP,2020-07-11 22:27:02,36.22,136.15,71.6,94,75,13.87
341,Zambezi,ZM,2020-07-11 22:22:10,-13.54,23.1,59.97,34,0,6.38
342,Bell Ville,AR,2020-07-11 22:22:00,-32.63,-62.69,51.55,41,96,6.13
343,Bilma,NE,2020-07-11 22:27:02,18.69,12.92,91.24,30,73,13.22
344,Faya,SA,2020-07-11 22:27:03,18.39,42.45,77.0,40,68,2.86
345,Kabin Buri,TH,2020-07-11 22:27:04,13.95,101.72,77.65,89,100,2.26
346,Yantal,RU,2020-07-11 22:27:05,56.85,105.25,56.17,81,62,2.55
347,Bonnyville,CA,2020-07-11 22:27:05,54.27,-110.73,78.8,39,75,13.87
348,Cao Bang,VN,2020-07-11 22:27:05,22.67,106.25,74.12,90,100,0.27
349,Batagay,RU,2020-07-11 22:27:05,67.63,134.63,74.41,32,72,4.9
350,Tarko-Sale,RU,2020-07-11 22:27:05,64.92,77.78,54.21,69,13,6.55
351,Thinadhoo,MV,2020-07-11 22:27:06,0.53,72.93,83.89,75,8,10.78
352,Curuguaty,PY,2020-07-11 22:27:06,-24.47,-55.69,72.3,66,17,3.65
353,Santa Maria,BR,2020-07-11 22:27:06,-29.68,-53.81,55.47,95,100,5.44
354,Santa Rosa,PH,2020-07-11 22:24:43,14.31,121.11,82.4,74,98,0.98
355,Namwala,ZM,2020-07-11 22:27:06,-15.75,26.44,58.57,59,0,1.81
356,Sola,VU,2020-07-11 22:27:06,-13.88,167.55,80.6,94,90,11.41
357,Namibe,AO,2020-07-11 22:24:42,-15.2,12.15,64.99,58,0,9.06
358,Liverpool,GB,2020-07-11 22:24:42,53.41,-2.98,55.4,66,0,3.36
359,Victor Harbor,AU,2020-07-11 22:27:08,-35.57,138.62,54.0,86,72,1.99
360,Spirit River,CA,2020-07-11 22:27:08,55.78,-118.84,66.0,63,90,4.7
361,Bandarbeyla,SO,2020-07-11 22:24:27,9.49,50.81,79.92,72,69,34.31
362,Tezu,IN,2020-07-11 22:22:37,27.92,96.17,74.7,87,100,2.21
363,Solnechnyy,RU,2020-07-11 22:27:08,50.72,136.63,64.38,79,75,3.85
364,Havoysund,NO,2020-07-11 22:27:08,71.0,24.66,53.6,66,100,9.17
365,Axim,GH,2020-07-11 22:24:46,4.87,-2.24,74.66,88,66,7.43
366,Blythe,US,2020-07-11 22:27:09,33.61,-114.6,114.01,15,20,17.22
367,Sitka,US,2020-07-11 22:19:44,57.05,-135.33,57.2,82,75,6.93
368,San Cristobal,VE,2020-07-11 22:24:55,7.77,-72.22,84.2,51,75,18.34
369,Saint-Augustin,CA,2020-07-11 22:25:04,51.23,-58.65,69.33,70,69,23.4
370,Paamiut,GL,2020-07-11 22:23:54,61.99,-49.67,44.6,86,0,2.35
371,Tautira,PF,2020-07-11 22:27:11,-17.73,-149.15,84.2,51,20,18.34
372,Usinsk,RU,2020-07-11 22:27:12,65.99,57.53,51.64,83,0,3.22
373,Ust-Omchug,RU,2020-07-11 22:25:04,61.15,149.63,63.95,55,0,4.68
374,Jalesar,IN,2020-07-11 22:27:12,27.48,78.32,86.0,74,75,4.7
375,Ormara,PK,2020-07-11 22:27:12,25.21,64.64,84.51,81,100,15.21
376,Talaya,RU,2020-07-11 22:27:12,61.38,152.75,60.22,69,78,4.29
377,Altay,CN,2020-07-11 22:27:13,47.87,88.12,56.34,71,14,0.96
378,Manica,FR,2020-07-11 22:27:13,49.0,-1.17,51.8,87,100,3.36
379,Impfondo,CG,2020-07-11 22:27:13,1.64,18.07,72.55,92,99,2.19
380,Leticia,CO,2020-07-11 22:27:13,-4.22,-69.94,84.2,79,40,3.36
381,Nemuro,JP,2020-07-11 22:24:27,43.32,145.57,56.93,95,100,8.14
382,Coquimbo,CL,2020-07-11 22:24:12,-29.95,-71.34,53.6,93,13,6.93
383,Cap-Chat,CA,2020-07-11 22:27:14,49.1,-66.68,73.17,78,78,6.8
384,Ocosingo,MX,2020-07-11 22:27:14,17.07,-92.25,73.06,94,44,3.47
385,Richards Bay,ZA,2020-07-11 22:27:15,-28.78,32.04,62.4,61,33,21.59
386,Kyshtovka,RU,2020-07-11 22:27:15,56.55,76.63,62.1,92,86,7.81
387,Fortuna Foothills,US,2020-07-11 22:27:15,32.66,-114.41,109.0,20,1,11.41
388,Morgan City,US,2020-07-11 22:23:47,29.7,-91.21,96.01,70,1,6.93
389,Los Llanos De Aridane,ES,2020-07-11 22:24:28,28.66,-17.92,71.6,78,75,14.99
390,Chernyshevskiy,RU,2020-07-11 22:27:15,63.01,112.47,54.79,85,24,5.59
391,San Lawrenz,MT,2020-07-11 22:27:16,36.06,14.2,75.99,83,0,6.93
392,Hakui,JP,2020-07-11 22:27:16,36.88,136.78,73.0,99,100,5.01
393,Skibotn,NO,2020-07-11 22:27:16,69.39,20.27,53.6,66,79,8.05
394,Mount Forest,CA,2020-07-11 22:24:24,43.98,-80.72,75.99,68,88,18.99
395,Williamsport,US,2020-07-11 22:25:13,41.24,-77.0,79.0,65,75,14.99
396,Bundaberg,AU,2020-07-11 22:23:59,-24.85,152.35,63.0,100,90,5.82
397,Jalu,LY,2020-07-11 22:27:16,29.03,21.55,76.68,56,0,11.72
398,Te Anau,NZ,2020-07-11 22:27:17,-45.42,167.72,46.33,83,100,3.31
399,Ahipara,NZ,2020-07-11 22:23:49,-35.17,173.17,55.63,73,37,4.92
400,Saint Anthony,US,2020-07-11 22:20:04,45.02,-93.22,84.0,45,20,6.93
401,Nichlaul,IN,2020-07-11 22:27:17,27.32,83.73,78.06,92,17,4.7
402,Praya,CV,2020-07-11 22:27:17,14.92,-23.51,77.0,73,75,13.87
403,Padang,ID,2020-07-11 22:24:47,-0.95,100.35,77.05,80,96,3.78
404,Ati,TD,2020-07-11 22:27:18,13.22,18.34,80.67,63,62,6.44
405,Verkhoyansk,RU,2020-07-11 22:27:19,67.54,133.38,74.75,32,84,3.56
406,Whitianga,NZ,2020-07-11 22:27:20,-36.83,175.7,53.01,99,2,5.01
407,Pangoa,PE,2020-07-11 22:25:05,-12.12,-73.0,77.22,69,8,2.17
408,Kimbe,PG,2020-07-11 22:25:31,-5.55,150.14,78.4,82,8,5.32
409,Cabudare,VE,2020-07-11 22:27:20,10.03,-69.09,80.6,69,89,14.99
410,Akyab,MM,2020-07-11 22:27:20,20.15,92.9,82.53,86,100,9.78
411,Buseresere,TZ,2020-07-11 22:27:20,-3.02,31.87,67.3,64,54,1.79
412,Mayumba,GA,2020-07-11 22:27:20,-3.43,10.66,72.05,90,50,5.64
413,Shenjiamen,CN,2020-07-11 22:27:21,29.96,122.3,78.04,90,91,24.23
414,Biak,ID,2020-07-11 22:27:21,-0.91,122.88,75.81,81,77,6.29
415,Somerset,US,2020-07-11 22:27:21,40.57,-74.55,84.0,69,75,5.82
416,Eganville,CA,2020-07-11 22:27:21,45.53,-77.1,71.6,83,90,3.83
417,Deming,US,2020-07-11 22:27:21,32.27,-107.76,105.8,8,1,11.41
418,Hun,LY,2020-07-11 22:27:21,29.13,15.95,79.12,46,0,12.3
419,Tura,IN,2020-07-11 22:24:54,25.52,90.22,74.32,98,99,6.31
420,Vanimo,PG,2020-07-11 22:24:14,-2.67,141.3,77.49,84,100,4.72
421,Songjianghe,CN,2020-07-11 22:27:22,42.19,127.48,60.84,94,0,3.15
422,Duluth,US,2020-07-11 22:27:10,46.78,-92.11,82.0,44,1,4.7
423,George Town,MY,2020-07-11 22:27:22,5.41,100.34,77.0,88,20,5.48
424,Akom,CM,2020-07-11 22:27:22,2.67,12.71,67.26,99,58,2.84
425,Kulhudhuffushi,MV,2020-07-11 22:27:22,6.62,73.07,82.26,77,100,13.53
426,Samtredia,GE,2020-07-11 22:27:22,42.15,42.34,73.4,94,56,1.12
427,Tignere,CM,2020-07-11 22:27:22,7.37,12.65,64.94,97,100,2.46
428,Port Macquarie,AU,2020-07-11 22:24:10,-31.43,152.92,51.01,98,100,3.89
429,Florence,IT,2020-07-11 22:26:29,43.77,11.25,75.99,64,0,1.12
430,Donskoye,RU,2020-07-11 22:27:23,45.46,41.97,71.6,30,0,4.47
431,Marovoay,MG,2020-07-11 22:27:23,-16.1,46.63,77.0,53,20,12.75
432,Ponta Do Sol,PT,2020-07-11 22:24:24,32.67,-17.1,70.0,76,0,5.1
433,Gien,FR,2020-07-11 22:27:23,47.69,2.63,62.01,52,93,7.38
434,Ust-Barguzin,RU,2020-07-11 22:27:24,53.45,108.98,58.77,87,86,4.07
435,Vostok,RU,2020-07-11 22:25:21,46.49,135.88,61.25,83,63,1.79
436,Huhi,MX,2020-07-11 22:27:24,20.72,-89.17,96.01,44,40,8.05
437,Majdanpek,RS,2020-07-11 22:27:24,44.43,21.95,69.01,68,0,3.8
438,Half Moon Bay,US,2020-07-11 22:23:16,37.46,-122.43,88.0,72,1,13.87
439,Agua Dulce,MX,2020-07-11 22:27:24,18.13,-94.13,86.0,74,40,19.46
440,Gari,RU,2020-07-11 22:27:24,59.43,62.35,58.64,67,14,6.13
441,Sabang,ID,2020-07-11 22:27:25,5.89,95.32,82.87,74,100,12.33
442,Loa Janan,ID,2020-07-11 22:27:25,-0.58,117.09,73.18,98,100,0.96
443,Tungor,RU,2020-07-11 22:27:25,53.38,142.96,56.3,84,99,2.42
444,Chapleau,CA,2020-07-11 22:27:25,47.84,-83.4,71.6,64,75,9.17
445,Yumen,CN,2020-07-11 22:24:00,40.28,97.2,66.54,37,91,6.89
446,Shiyan,CN,2020-07-11 22:27:25,32.65,110.78,68.76,92,100,0.76
447,Najran,SA,2020-07-11 22:25:13,17.49,44.13,84.2,23,37,5.82
448,Nha Trang,VN,2020-07-11 22:24:43,12.25,109.18,82.4,83,20,1.12
449,Batu Arang,MY,2020-07-11 22:27:26,3.32,101.47,77.0,94,20,8.05
450,Hanyang,CN,2020-07-11 22:27:26,32.14,105.51,64.78,95,100,4.52
451,Melo,UY,2020-07-11 22:27:26,-32.37,-54.18,45.84,67,53,2.51
452,Polunochnoye,RU,2020-07-11 22:27:26,60.87,60.42,57.31,71,28,3.87
453,Flinders,AU,2020-07-11 22:27:26,-34.58,150.86,52.0,92,67,3.0
454,Tahe,CN,2020-07-11 22:27:26,52.33,124.73,73.96,62,31,1.01
455,Ponta Delgada,PT,2020-07-11 22:19:27,37.73,-25.67,69.8,68,40,5.82
456,Tab,HU,2020-07-11 22:27:27,46.73,18.03,57.2,93,75,16.11
457,Bara,NG,2020-07-11 22:27:27,10.37,10.73,73.92,90,97,9.06
458,Urdoma,RU,2020-07-11 22:27:27,61.75,48.54,66.25,66,100,11.92
459,Normandin,CA,2020-07-11 22:27:27,48.83,-72.53,73.4,94,90,5.82
460,Strelka,RU,2020-07-11 22:27:27,58.07,93.03,51.15,89,4,2.66
461,Tarata,BO,2020-07-11 22:27:27,-17.62,-66.02,73.4,16,75,3.15
462,Adrar,MR,2020-07-11 22:27:28,20.5,-10.07,94.12,28,9,10.42
463,Waingapu,ID,2020-07-11 22:27:28,-9.66,120.26,72.82,76,85,8.14
464,Mahon,ES,2020-07-11 22:24:47,39.89,4.27,71.6,78,0,6.93
465,Gizycko,PL,2020-07-11 22:27:28,54.04,21.76,51.12,91,100,4.14
466,Lokosovo,RU,2020-07-11 22:27:28,61.13,74.82,63.05,94,89,9.95
467,San Francisco,US,2020-07-11 22:24:37,37.77,-122.42,78.8,46,1,20.8
468,Kyren,RU,2020-07-11 22:27:29,51.68,102.14,61.61,80,100,0.45
469,Mattru,SL,2020-07-11 22:27:29,7.62,-11.83,72.75,97,100,2.62
470,Pineville,US,2020-07-11 22:27:29,31.32,-92.43,96.8,50,1,4.7
471,Loanda,AO,2020-07-11 22:22:49,-8.84,13.23,71.6,83,90,5.82
472,Pangody,RU,2020-07-11 22:27:29,65.85,74.49,54.52,62,56,6.62
473,Esil,KZ,2020-07-11 22:27:29,51.96,66.4,69.06,74,100,2.28
474,Palu,ID,2020-07-11 22:27:29,-0.89,119.87,75.13,81,89,2.44
475,Andros Town,BS,2020-07-11 22:27:30,24.7,-77.77,77.0,94,90,4.7
476,Broken Hill,AU,2020-07-11 22:24:08,-31.95,141.43,39.2,93,75,5.82
477,Anuradhapura,LK,2020-07-11 22:27:30,8.36,80.42,77.0,87,98,8.1
478,Tadine,NC,2020-07-11 22:27:30,-21.55,167.88,71.74,72,5,14.72
479,Nizwa,OM,2020-07-11 22:23:52,22.93,57.53,86.81,54,56,2.66
480,Iracoubo,GF,2020-07-11 22:27:30,5.48,-53.2,80.55,81,31,10.74
481,Auki,SB,2020-07-11 22:24:38,-8.77,160.7,80.89,82,67,4.99
482,Neuquen,AR,2020-07-11 22:27:31,-38.95,-68.06,48.2,57,40,11.41
483,Barlinek,PL,2020-07-11 22:27:31,52.99,15.22,53.01,80,1,5.84
484,Catamayo,EC,2020-07-11 22:27:31,-3.98,-79.35,73.72,55,40,2.39
485,Jalingo,NG,2020-07-11 22:27:31,8.88,11.37,73.04,89,97,3.44
486,Geraldton,AU,2020-07-11 22:24:29,-28.77,114.6,51.8,40,0,21.92
487,Harper,LR,2020-07-11 22:27:31,4.38,-7.72,75.4,76,100,8.37
488,Nhulunbuy,AU,2020-07-11 22:25:17,-12.23,136.77,75.2,83,46,5.82
489,Suba,PH,2020-07-11 22:27:33,10.84,121.01,84.67,73,100,6.71
490,Daura,NG,2020-07-11 22:27:33,11.55,11.41,77.52,73,99,10.2
491,Weinan,CN,2020-07-11 22:27:33,34.5,109.51,68.0,93,90,6.71
492,Kiruna,SE,2020-07-11 22:27:33,67.86,20.23,44.6,100,100,6.29
493,Nevelsk,RU,2020-07-11 22:27:33,46.67,141.86,55.4,87,75,15.66
494,Bonavista,CA,2020-07-11 22:27:33,48.65,-53.11,60.21,82,92,14.9
495,Yar-Sale,RU,2020-07-11 22:25:33,66.83,70.83,53.83,64,100,5.19
496,Garissa,KE,2020-07-11 22:27:34,-0.45,39.64,75.61,69,23,20.36
497,Mityana,UG,2020-07-11 22:27:34,0.42,32.02,68.0,94,20,1.14
498,Senneterre,CA,2020-07-11 22:27:34,48.38,-77.23,69.8,94,90,8.05
499,Arlit,NE,2020-07-11 22:25:16,18.74,7.39,95.0,22,23,9.13
500,Camapua,BR,2020-07-11 22:27:34,-19.53,-54.04,74.86,38,100,1.05
501,Sterling,US,2020-07-11 22:27:34,39.01,-77.43,86.0,48,75,19.46
502,Pontal,BR,2020-07-11 22:27:35,-21.02,-48.04,77.0,38,3,4.7
503,Talara,PE,2020-07-11 22:27:35,-4.58,-81.27,65.7,79,7,12.12
504,Bubaque,GW,2020-07-11 22:27:35,11.28,-15.83,78.62,89,100,16.55
505,Mae Hong Son,TH,2020-07-11 22:25:18,19.3,97.97,74.07,88,100,1.45
506,Tuatapere,NZ,2020-07-11 22:19:42,-46.13,167.68,46.69,86,66,7.07
507,Basco,PH,2020-07-11 22:27:36,20.45,121.97,85.15,66,6,4.45
508,Cap Malheureux,MU,2020-07-11 22:25:08,-19.98,57.61,71.01,64,36,11.01
509,Quesnel,CA,2020-07-11 22:23:43,53.0,-122.5,57.2,87,40,5.82
510,Mitsamiouli,KM,2020-07-11 22:24:54,-11.38,43.28,76.98,68,16,4.29
511,Mehnagar,IN,2020-07-11 22:27:38,25.88,83.12,80.6,88,40,3.36
512,Yulara,AU,2020-07-11 22:24:49,-25.24,130.99,33.8,80,0,10.29
513,Tanggu,CN,2020-07-11 22:27:38,39.02,117.65,75.2,88,100,4.47
514,Genhe,CN,2020-07-11 22:27:38,50.78,121.52,66.92,67,12,0.98
515,Shagonar,RU,2020-07-11 22:27:39,51.53,92.8,57.92,82,100,2.95
516,Naze,JP,2020-07-11 22:27:39,28.37,129.48,82.4,100,75,8.05
517,Calabar,NG,2020-07-11 22:27:39,4.95,8.32,72.86,96,99,1.19
518,Humen,CN,2020-07-11 22:27:39,22.82,113.67,84.99,83,40,13.42
519,Etla,MX,2020-07-11 22:27:39,17.06,-96.79,74.41,60,63,7.09
520,Baiyin,CN,2020-07-11 22:27:40,36.56,104.21,55.0,100,14,2.24
521,Lorengau,PG,2020-07-11 22:23:51,-2.02,147.27,82.8,76,88,4.83
522,Hit,IQ,2020-07-11 22:27:40,33.64,42.83,91.78,15,0,10.2
523,Muromtsevo,RU,2020-07-11 22:27:40,56.37,75.24,61.77,85,97,6.46
524,Nevsehir,TR,2020-07-11 22:27:40,38.92,34.67,71.6,56,0,11.41
525,Comodoro Rivadavia,AR,2020-07-11 22:21:09,-45.87,-67.5,42.8,48,40,10.29
526,Mali,GN,2020-07-11 22:27:42,12.08,-12.3,77.0,94,90,4.7
527,Kilindoni,TZ,2020-07-11 22:27:42,-7.91,39.67,77.36,80,1,14.41
528,El Tigre,VE,2020-07-11 22:25:12,8.89,-64.25,82.31,64,37,11.61
529,Ladybrand,ZA,2020-07-11 22:27:43,-29.19,27.46,31.5,94,0,6.8
530,Luancheng,CN,2020-07-11 22:27:43,37.88,114.65,71.6,94,90,2.24
531,Nasirabad,IN,2020-07-11 22:27:43,26.3,74.73,83.53,70,100,16.93
532,Martapura,ID,2020-07-11 22:27:43,-3.42,114.85,73.76,97,100,2.3
533,Waipawa,NZ,2020-07-11 22:27:43,-41.41,175.52,54.0,66,0,20.8
534,Nyagan,RU,2020-07-11 22:27:44,62.14,65.39,59.59,67,1,7.99
535,Poya,NC,2020-07-11 22:27:44,-21.35,165.15,70.43,65,25,5.73
536,San Rafael,AR,2020-07-11 22:24:32,-34.62,-68.33,51.64,46,100,5.3
537,Narok,KE,2020-07-11 22:27:44,-1.08,35.86,57.22,83,88,5.46
538,Bud,US,2020-07-11 22:25:33,39.45,-86.18,71.6,73,75,13.87
539,Superior,US,2020-07-11 22:24:11,46.72,-92.1,82.0,47,75,4.7
540,Meadow Lake,US,2020-07-11 22:22:12,34.8,-106.54,102.99,8,20,8.05
541,Cabedelo,BR,2020-07-11 22:24:10,-6.98,-34.83,73.4,100,75,8.05
